timestamp,open,high,low,close,adjusted_close,volume,dividend_amount,split_coefficient
2020-03-06,0.5700,0.6100,0.5700,0.5810,0.5810,156876,0.0000,1.0000
2020-03-05,0.6300,0.6399,0.5701,0.6100,0.6100,169132,0.0000,1.0000
2020-03-04,0.5880,0.6174,0.5701,0.6070,0.6070,214892,0.0000,1.0000
2020-03-03,0.6300,0.6400,0.5704,0.5750,0.5750,262644,0.0000,1.0000
2020-03-02,0.6800,0.6800,0.5831,0.6000,0.6000,219357,0.0000,1.0000
2020-02-28,0.5400,0.5779,0.5150,0.5600,0.5600,606310,0.0000,1.0000
2020-02-27,0.5800,0.6029,0.5140,0.5770,0.5770,540051,0.0000,1.0000
2020-02-26,0.6500,0.6550,0.5810,0.6107,0.6107,408283,0.0000,1.0000
2020-02-25,0.6800,0.6800,0.6500,0.6693,0.6693,412152,0.0000,1.0000
2020-02-24,0.6900,0.6999,0.6500,0.6799,0.6799,422530,0.0000,1.0000
2020-02-21,0.7200,0.7398,0.6806,0.6900,0.6900,285352,0.0000,1.0000
2020-02-20,0.7510,0.7600,0.7000,0.7200,0.7200,568372,0.0000,1.0000
2020-02-19,0.7509,0.7761,0.7302,0.7510,0.7510,261254,0.0000,1.0000
2020-02-18,0.8000,0.8130,0.7450,0.7549,0.7549,371455,0.0000,1.0000
2020-02-14,0.7511,0.8000,0.7300,0.7902,0.7902,233880,0.0000,1.0000
2020-02-13,0.7814,0.7830,0.7450,0.7790,0.7790,172805,0.0000,1.0000
2020-02-12,0.8050,0.8200,0.7600,0.7814,0.7814,213693,0.0000,1.0000
2020-02-11,0.7490,0.7850,0.7450,0.7850,0.7850,140642,0.0000,1.0000
2020-02-10,0.7900,0.8120,0.7304,0.7554,0.7554,317478,0.0000,1.0000
2020-02-07,0.8167,0.8200,0.7800,0.7870,0.7870,292854,0.0000,1.0000
2020-02-06,0.7823,0.8400,0.7501,0.8340,0.8340,395894,0.0000,1.0000
2020-02-05,0.7400,0.7800,0.7200,0.7648,0.7648,212052,0.0000,1.0000
2020-02-04,0.7150,0.7390,0.7000,0.7390,0.7390,260120,0.0000,1.0000
2020-02-03,0.7100,0.7500,0.7002,0.7221,0.7221,385542,0.0000,1.0000
2020-01-31,0.7950,0.8200,0.7400,0.7500,0.7500,564718,0.0000,1.0000
2020-01-30,0.8100,0.8300,0.7600,0.7701,0.7701,476803,0.0000,1.0000
2020-01-29,0.8500,0.8850,0.8100,0.8205,0.8205,509177,0.0000,1.0000
2020-01-28,0.7802,0.8480,0.7802,0.8126,0.8126,453601,0.0000,1.0000
2020-01-27,0.7700,0.8300,0.7500,0.8128,0.8128,562291,0.0000,1.0000
2020-01-24,0.8872,0.8900,0.8000,0.8325,0.8325,1539226,0.0000,1.0000
2020-01-23,1.0300,1.2200,0.8010,0.9100,0.9100,15158295,0.0000,1.0000
2020-01-22,0.6574,0.6598,0.6500,0.6569,0.6569,611860,0.0000,1.0000
2020-01-21,0.6700,0.6700,0.6500,0.6546,0.6546,215312,0.0000,1.0000
2020-01-17,0.6624,0.6700,0.6500,0.6600,0.6600,210674,0.0000,1.0000
2020-01-16,0.6534,0.6700,0.6500,0.6610,0.6610,164905,0.0000,1.0000
2020-01-15,0.6551,0.6650,0.6450,0.6550,0.6550,180157,0.0000,1.0000
2020-01-14,0.6690,0.6800,0.6401,0.6550,0.6550,211940,0.0000,1.0000
2020-01-13,0.6600,0.6848,0.6500,0.6690,0.6690,396794,0.0000,1.0000
2020-01-10,0.6382,0.6888,0.6382,0.6453,0.6453,605598,0.0000,1.0000
2020-01-09,0.6200,0.6383,0.6150,0.6382,0.6382,245846,0.0000,1.0000
2020-01-08,0.5749,0.6400,0.5749,0.6201,0.6201,465969,0.0000,1.0000
2020-01-07,0.5900,0.5900,0.5600,0.5875,0.5875,284561,0.0000,1.0000
2020-01-06,0.5650,0.5800,0.5600,0.5800,0.5800,763262,0.0000,1.0000
2020-01-03,0.5600,0.5781,0.5203,0.5650,0.5650,889737,0.0000,1.0000
2020-01-02,0.5880,0.6000,0.5551,0.5700,0.5700,834792,0.0000,1.0000
2019-12-31,0.5605,0.5800,0.5300,0.5571,0.5571,510231,0.0000,1.0000
2019-12-30,0.5500,0.5760,0.5300,0.5501,0.5501,833652,0.0000,1.0000
2019-12-27,0.5625,0.5850,0.5300,0.5440,0.5440,707176,0.0000,1.0000
2019-12-26,0.6000,0.6180,0.5382,0.5557,0.5557,1083930,0.0000,1.0000
2019-12-24,0.5600,0.6100,0.5400,0.6000,0.6000,995727,0.0000,1.0000
2019-12-23,0.5004,0.5600,0.4850,0.5500,0.5500,1344630,0.0000,1.0000
2019-12-20,0.7300,0.7301,0.4030,0.4940,0.4940,7425766,0.0000,1.0000
2019-12-19,0.7204,0.7700,0.7204,0.7400,0.7400,113734,0.0000,1.0000
2019-12-18,0.7352,0.7700,0.7300,0.7301,0.7301,131901,0.0000,1.0000
2019-12-17,0.7500,0.7700,0.7250,0.7449,0.7449,112370,0.0000,1.0000
2019-12-16,0.7511,0.7700,0.7300,0.7346,0.7346,145393,0.0000,1.0000
2019-12-13,0.7875,0.8200,0.7502,0.7646,0.7646,128003,0.0000,1.0000
2019-12-12,0.7500,0.8000,0.7455,0.7697,0.7697,271083,0.0000,1.0000
2019-12-11,0.7400,0.7496,0.7303,0.7460,0.7460,81224,0.0000,1.0000
2019-12-10,0.7170,0.7500,0.7170,0.7302,0.7302,60206,0.0000,1.0000
2019-12-09,0.7373,0.7629,0.7204,0.7252,0.7252,185518,0.0000,1.0000
2019-12-06,0.7300,0.7580,0.7300,0.7330,0.7330,89995,0.0000,1.0000
2019-12-05,0.7539,0.7600,0.7160,0.7248,0.7248,116176,0.0000,1.0000
2019-12-04,0.7450,0.7646,0.7400,0.7500,0.7500,148621,0.0000,1.0000
2019-12-03,0.7825,0.7825,0.7350,0.7422,0.7422,215163,0.0000,1.0000
2019-12-02,0.8100,0.8100,0.7400,0.7799,0.7799,195164,0.0000,1.0000
2019-11-29,0.7898,0.7898,0.7521,0.7800,0.7800,52391,0.0000,1.0000
2019-11-27,0.7900,0.7900,0.7451,0.7900,0.7900,93769,0.0000,1.0000
2019-11-26,0.7900,0.8000,0.7598,0.7701,0.7701,116539,0.0000,1.0000
2019-11-25,0.7700,0.8100,0.7281,0.7870,0.7870,278873,0.0000,1.0000
2019-11-22,0.7200,0.7600,0.7102,0.7500,0.7500,129781,0.0000,1.0000
2019-11-21,0.7600,0.7600,0.7200,0.7201,0.7201,253694,0.0000,1.0000
2019-11-20,0.8322,0.8322,0.7100,0.7486,0.7486,1117103,0.0000,1.0000
2019-11-19,0.8720,0.8800,0.7950,0.8110,0.8110,450107,0.0000,1.0000
2019-11-18,0.8805,0.9400,0.8600,0.8756,0.8756,415306,0.0000,1.0000
2019-11-15,0.8000,0.8999,0.8000,0.8801,0.8801,406885,0.0000,1.0000
2019-11-14,0.8064,0.8500,0.7500,0.8139,0.8139,463820,0.0000,1.0000
2019-11-13,0.8500,0.8660,0.7905,0.8150,0.8150,393726,0.0000,1.0000
2019-11-12,0.8000,0.8500,0.7952,0.7954,0.7954,110757,0.0000,1.0000
2019-11-11,0.8400,0.8658,0.7841,0.7926,0.7926,297881,0.0000,1.0000
2019-11-08,0.8471,0.8800,0.8244,0.8337,0.8337,255678,0.0000,1.0000
2019-11-07,0.8600,0.8784,0.8200,0.8443,0.8443,208489,0.0000,1.0000
2019-11-06,0.8712,0.8999,0.8141,0.8700,0.8700,272603,0.0000,1.0000
2019-11-05,0.8500,0.8990,0.8500,0.8700,0.8700,134714,0.0000,1.0000
2019-11-04,0.8980,0.9301,0.8100,0.8406,0.8406,207424,0.0000,1.0000
2019-11-01,0.8123,0.9200,0.8123,0.9003,0.9003,362288,0.0000,1.0000
2019-10-31,0.7840,0.8498,0.7840,0.8100,0.8100,225156,0.0000,1.0000
2019-10-30,0.8237,0.8500,0.7829,0.8400,0.8400,176107,0.0000,1.0000
2019-10-29,0.8500,0.8700,0.8210,0.8300,0.8300,207938,0.0000,1.0000
2019-10-28,0.9000,0.9000,0.8606,0.8728,0.8728,97899,0.0000,1.0000
2019-10-25,0.8700,0.8800,0.8500,0.8630,0.8630,234248,0.0000,1.0000
2019-10-24,0.8847,0.8980,0.8300,0.8525,0.8525,499893,0.0000,1.0000
2019-10-23,0.9200,0.9753,0.8800,0.8975,0.8975,214491,0.0000,1.0000
2019-10-22,1.0000,1.0200,0.9134,0.9500,0.9500,246148,0.0000,1.0000
2019-10-21,1.0500,1.0700,0.9900,1.0000,1.0000,181334,0.0000,1.0000
2019-10-18,1.1000,1.1000,1.0400,1.0600,1.0600,180021,0.0000,1.0000
2019-10-17,1.0700,1.1000,1.0200,1.0400,1.0400,78811,0.0000,1.0000
2019-10-16,1.1000,1.1100,1.0200,1.0900,1.0900,57285,0.0000,1.0000
2019-10-15,1.1200,1.1300,1.0520,1.1000,1.1000,117793,0.0000,1.0000
2019-10-14,1.1200,1.1300,1.0000,1.1130,1.1130,50518,0.0000,1.0000
2019-10-11,1.1200,1.1370,1.1000,1.1300,1.1300,89413,0.0000,1.0000
2019-10-10,1.0900,1.1200,1.0700,1.1000,1.1000,142227,0.0000,1.0000
2019-10-09,1.0500,1.1000,1.0332,1.0900,1.0900,223402,0.0000,1.0000
2019-10-08,1.0000,1.0400,0.9776,1.0400,1.0400,152018,0.0000,1.0000
2019-10-07,1.0600,1.0600,0.9601,1.0200,1.0200,257856,0.0000,1.0000
2019-10-04,1.0100,1.0200,0.9627,1.0200,1.0200,55434,0.0000,1.0000
2019-10-03,0.9700,1.0000,0.9500,0.9900,0.9900,110112,0.0000,1.0000
2019-10-02,1.0300,1.0300,0.9804,0.9950,0.9950,67487,0.0000,1.0000
2019-10-01,1.0700,1.0700,1.0000,1.0400,1.0400,58277,0.0000,1.0000
2019-09-30,1.0600,1.0800,1.0000,1.0700,1.0700,86381,0.0000,1.0000
2019-09-27,1.0400,1.0700,1.0000,1.0400,1.0400,70754,0.0000,1.0000
2019-09-26,1.0700,1.1000,0.9550,1.0315,1.0315,84340,0.0000,1.0000
2019-09-25,1.1300,1.1455,1.0461,1.0600,1.0600,127321,0.0000,1.0000
2019-09-24,1.1400,1.1900,1.1000,1.1400,1.1400,122949,0.0000,1.0000
2019-09-23,1.1200,1.1800,1.1200,1.1500,1.1500,95320,0.0000,1.0000
2019-09-20,1.1400,1.1700,1.1100,1.1100,1.1100,100412,0.0000,1.0000
2019-09-19,1.1700,1.2000,1.1055,1.1300,1.1300,87774,0.0000,1.0000
2019-09-18,1.2200,1.2700,1.1500,1.1700,1.1700,183413,0.0000,1.0000
2019-09-17,1.1500,1.2900,1.1000,1.1900,1.1900,429043,0.0000,1.0000
2019-09-16,1.1100,1.2000,1.0900,1.1700,1.1700,216220,0.0000,1.0000
2019-09-13,1.1000,1.1100,1.0900,1.1100,1.1100,87000,0.0000,1.0000
2019-09-12,1.1900,1.2000,1.0500,1.1000,1.1000,321101,0.0000,1.0000
2019-09-11,1.0400,1.2200,1.0000,1.1684,1.1684,722934,0.0000,1.0000
2019-09-10,0.9400,1.0000,0.9001,0.9900,0.9900,153636,0.0000,1.0000
2019-09-09,0.8900,0.9800,0.8900,0.9100,0.9100,210807,0.0000,1.0000
2019-09-06,0.8600,0.8900,0.8600,0.8800,0.8800,86759,0.0000,1.0000
2019-09-05,0.8304,0.8800,0.8304,0.8499,0.8499,39294,0.0000,1.0000
2019-09-04,0.8492,0.8701,0.8300,0.8451,0.8451,59981,0.0000,1.0000
2019-09-03,0.8600,0.8700,0.8400,0.8600,0.8600,34179,0.0000,1.0000
2019-08-30,0.8700,0.8700,0.8502,0.8651,0.8651,33030,0.0000,1.0000
2019-08-29,0.8538,0.8800,0.8300,0.8601,0.8601,37652,0.0000,1.0000
2019-08-28,0.8600,0.8900,0.8433,0.8700,0.8700,43295,0.0000,1.0000
2019-08-27,0.8433,0.8900,0.8433,0.8598,0.8598,33612,0.0000,1.0000
2019-08-26,0.8800,0.8800,0.8500,0.8600,0.8600,48118,0.0000,1.0000
2019-08-23,0.9200,0.9200,0.8500,0.8816,0.8816,69107,0.0000,1.0000
2019-08-22,0.9000,0.9000,0.8600,0.8753,0.8753,41338,0.0000,1.0000
2019-08-21,0.9000,0.9000,0.8600,0.8929,0.8929,68552,0.0000,1.0000
2019-08-20,0.8900,0.9000,0.8511,0.9000,0.9000,81493,0.0000,1.0000
2019-08-19,0.8217,0.8925,0.8000,0.8900,0.8900,181553,0.0000,1.0000
2019-08-16,0.7800,0.8500,0.7500,0.8055,0.8055,247481,0.0000,1.0000
2019-08-15,0.8600,0.8600,0.7280,0.7500,0.7500,329418,0.0000,1.0000
2019-08-14,0.8300,0.8500,0.7700,0.8300,0.8300,545648,0.0000,1.0000
2019-08-13,0.8800,0.9499,0.8300,0.8300,0.8300,318985,0.0000,1.0000
2019-08-12,0.8500,0.8980,0.7801,0.8300,0.8300,295231,0.0000,1.0000
2019-08-09,0.9900,0.9900,0.8500,0.8600,0.8600,202884,0.0000,1.0000
2019-08-08,0.9500,0.9500,0.8800,0.9418,0.9418,125920,0.0000,1.0000
2019-08-07,0.8500,0.9498,0.8500,0.8820,0.8820,130175,0.0000,1.0000
2019-08-06,0.9200,0.9650,0.8800,0.8865,0.8865,165806,0.0000,1.0000
2019-08-05,0.9900,0.9900,0.9200,0.9300,0.9300,101340,0.0000,1.0000
2019-08-02,1.0100,1.0600,0.9000,0.9405,0.9405,480476,0.0000,1.0000
2019-08-01,1.0200,1.0600,1.0100,1.0100,1.0100,208526,0.0000,1.0000
2019-07-31,1.0700,1.1000,1.0500,1.0500,1.0500,146800,0.0000,1.0000
2019-07-30,1.0600,1.1000,1.0400,1.0500,1.0500,182834,0.0000,1.0000
2019-07-29,1.0800,1.0854,1.0500,1.0600,1.0600,201339,0.0000,1.0000
2019-07-26,1.0900,1.1000,1.0500,1.0700,1.0700,421180,0.0000,1.0000
2019-07-25,1.0900,1.1200,1.0800,1.0800,1.0800,87970,0.0000,1.0000
2019-07-24,1.0900,1.1200,1.0800,1.0900,1.0900,71322,0.0000,1.0000
2019-07-23,1.1300,1.1300,1.0800,1.1000,1.1000,228176,0.0000,1.0000
2019-07-22,1.1000,1.1600,1.0700,1.1300,1.1300,289639,0.0000,1.0000
2019-07-19,1.1000,1.1050,1.0800,1.1000,1.1000,129630,0.0000,1.0000
2019-07-18,1.1100,1.1100,1.0800,1.1000,1.1000,154049,0.0000,1.0000
2019-07-17,1.1300,1.1300,1.1000,1.1100,1.1100,52430,0.0000,1.0000
2019-07-16,1.1200,1.1300,1.1000,1.1100,1.1100,140152,0.0000,1.0000
2019-07-15,1.1000,1.1500,1.0800,1.1100,1.1100,101827,0.0000,1.0000
2019-07-12,1.1100,1.1300,1.0900,1.1000,1.1000,98658,0.0000,1.0000
2019-07-11,1.1500,1.1500,1.0800,1.1200,1.1200,151141,0.0000,1.0000
2019-07-10,1.1700,1.1800,1.1100,1.1300,1.1300,148080,0.0000,1.0000
2019-07-09,1.1600,1.1900,1.1400,1.1500,1.1500,98904,0.0000,1.0000
2019-07-08,1.1600,1.1700,1.1100,1.1600,1.1600,89266,0.0000,1.0000
2019-07-05,1.1400,1.1650,1.1200,1.1500,1.1500,109754,0.0000,1.0000
2019-07-03,1.1600,1.1600,1.1200,1.1400,1.1400,76234,0.0000,1.0000
2019-07-02,1.1600,1.1900,1.1400,1.1500,1.1500,74025,0.0000,1.0000
2019-07-01,1.1800,1.2400,1.1500,1.1650,1.1650,282470,0.0000,1.0000
2019-06-28,1.1400,1.2000,1.0900,1.1600,1.1600,2439429,0.0000,1.0000
2019-06-27,1.1300,1.1300,1.1000,1.1100,1.1100,307212,0.0000,1.0000
2019-06-26,1.1400,1.1800,1.0900,1.1400,1.1400,403453,0.0000,1.0000
2019-06-25,1.1500,1.1550,1.0700,1.0700,1.0700,373185,0.0000,1.0000
2019-06-24,1.2100,1.2696,1.1400,1.1400,1.1400,285815,0.0000,1.0000
2019-06-21,1.2200,1.2700,1.2000,1.2200,1.2200,191399,0.0000,1.0000
2019-06-20,1.1600,1.2500,1.1100,1.2200,1.2200,291560,0.0000,1.0000
2019-06-19,1.1500,1.1800,1.1300,1.1600,1.1600,180057,0.0000,1.0000
2019-06-18,1.1600,1.1800,1.1400,1.1500,1.1500,161308,0.0000,1.0000
2019-06-17,1.1700,1.1700,1.0900,1.1400,1.1400,468590,0.0000,1.0000
2019-06-14,1.2000,1.2500,1.1600,1.1800,1.1800,163307,0.0000,1.0000
2019-06-13,1.1600,1.2400,1.1600,1.2100,1.2100,165217,0.0000,1.0000
2019-06-12,1.2800,1.2800,1.1300,1.1600,1.1600,370714,0.0000,1.0000
2019-06-11,1.2800,1.2800,1.2000,1.2100,1.2100,437265,0.0000,1.0000
2019-06-10,1.3500,1.3700,1.2500,1.2600,1.2600,585928,0.0000,1.0000
2019-06-07,1.2900,1.3200,1.2600,1.2900,1.2900,239835,0.0000,1.0000
2019-06-06,1.2800,1.3800,1.2700,1.3000,1.3000,201632,0.0000,1.0000
2019-06-05,1.3300,1.3435,1.2800,1.2900,1.2900,145956,0.0000,1.0000
2019-06-04,1.3400,1.3800,1.3076,1.3300,1.3300,233975,0.0000,1.0000
2019-06-03,1.3000,1.3200,1.2800,1.3200,1.3200,141506,0.0000,1.0000
2019-05-31,1.3100,1.3327,1.2700,1.2800,1.2800,294033,0.0000,1.0000
2019-05-30,1.3200,1.3600,1.2800,1.3400,1.3400,169241,0.0000,1.0000
2019-05-29,1.3000,1.3500,1.2629,1.3000,1.3000,256910,0.0000,1.0000
2019-05-28,1.3300,1.4000,1.2900,1.3100,1.3100,223419,0.0000,1.0000
2019-05-24,1.2600,1.3500,1.2300,1.3500,1.3500,396545,0.0000,1.0000
2019-05-23,1.3700,1.3700,1.2300,1.2500,1.2500,650556,0.0000,1.0000
2019-05-22,1.4400,1.4500,1.3500,1.3700,1.3700,434880,0.0000,1.0000
2019-05-21,1.4200,1.5000,1.3700,1.4300,1.4300,1006301,0.0000,1.0000
2019-05-20,1.6000,1.6000,1.4600,1.5700,1.5700,885648,0.0000,1.0000
2019-05-17,1.6400,1.6565,1.5600,1.5800,1.5800,1195479,0.0000,1.0000
2019-05-16,1.5800,1.6700,1.5200,1.6500,1.6500,2030294,0.0000,1.0000
2019-05-15,1.5800,1.5899,1.5400,1.5700,1.5700,224646,0.0000,1.0000
2019-05-14,1.5500,1.6000,1.5400,1.6000,1.6000,389854,0.0000,1.0000
2019-05-13,1.5900,1.6000,1.4900,1.5500,1.5500,409297,0.0000,1.0000
2019-05-10,1.5300,1.6000,1.5000,1.5900,1.5900,673766,0.0000,1.0000
2019-05-09,1.5000,1.5800,1.4600,1.5500,1.5500,624151,0.0000,1.0000
2019-05-08,1.5000,1.5400,1.4500,1.5300,1.5300,289298,0.0000,1.0000
2019-05-07,1.5500,1.5858,1.4600,1.5200,1.5200,584666,0.0000,1.0000
2019-05-06,1.5200,1.5699,1.5000,1.5400,1.5400,554586,0.0000,1.0000
2019-05-03,1.4900,1.6000,1.4300,1.5700,1.5700,902787,0.0000,1.0000
2019-05-02,1.5500,1.5900,1.4100,1.5300,1.5300,1334872,0.0000,1.0000
2019-05-01,1.6000,1.6000,1.5200,1.5400,1.5400,1111836,0.0000,1.0000
2019-04-30,1.6000,1.6200,1.5500,1.6100,1.6100,1649537,0.0000,1.0000
2019-04-29,2.2600,2.4000,1.5200,1.6200,1.6200,23570680,0.0000,1.0000
2019-04-26,1.9900,2.0200,1.9000,1.9000,1.9000,709377,0.0000,1.0000
2019-04-25,1.8400,2.1500,1.8200,2.0400,2.0400,642901,0.0000,1.0000
2019-04-24,1.8700,1.9000,1.8100,1.8100,1.8100,117783,0.0000,1.0000
2019-04-23,1.8800,1.9100,1.8100,1.8800,1.8800,265335,0.0000,1.0000
2019-04-22,1.7200,1.8600,1.7200,1.8500,1.8500,285969,0.0000,1.0000
2019-04-18,1.6800,1.7400,1.6700,1.7300,1.7300,150391,0.0000,1.0000
2019-04-17,1.7500,1.7500,1.6500,1.6900,1.6900,306576,0.0000,1.0000
2019-04-16,1.8500,1.8608,1.7100,1.7200,1.7200,387693,0.0000,1.0000
2019-04-15,1.8900,1.8900,1.7500,1.8600,1.8600,281637,0.0000,1.0000
2019-04-12,1.8600,1.8800,1.7600,1.8600,1.8600,305052,0.0000,1.0000
2019-04-11,1.8291,1.9700,1.7900,1.8700,1.8700,893940,0.0000,1.0000
2019-04-10,1.8100,1.8500,1.7300,1.8200,1.8200,241505,0.0000,1.0000
2019-04-09,1.7200,1.8600,1.7000,1.8100,1.8100,329010,0.0000,1.0000
2019-04-08,1.7900,1.8000,1.7300,1.7300,1.7300,135618,0.0000,1.0000
2019-04-05,1.8200,1.8200,1.7500,1.7900,1.7900,115936,0.0000,1.0000
2019-04-04,1.8000,1.8100,1.7300,1.7700,1.7700,158888,0.0000,1.0000
2019-04-03,1.8500,1.8900,1.7100,1.8000,1.8000,538196,0.0000,1.0000
2019-04-02,1.9000,1.9300,1.8000,1.8500,1.8500,430897,0.0000,1.0000
2019-04-01,1.9400,1.9700,1.8100,1.9100,1.9100,419427,0.0000,1.0000
2019-03-29,1.7400,1.9600,1.6100,1.9300,1.9300,1030214,0.0000,1.0000
2019-03-28,1.8100,1.8658,1.7000,1.7300,1.7300,561044,0.0000,1.0000
2019-03-27,1.9200,1.9500,1.7800,1.8000,1.8000,666447,0.0000,1.0000
2019-03-26,1.9700,2.2000,1.8800,1.9100,1.9100,1737117,0.0000,1.0000
2019-03-25,1.9700,2.0100,1.9000,1.9200,1.9200,378047,0.0000,1.0000
2019-03-22,2.0800,2.1300,1.8700,1.9700,1.9700,819564,0.0000,1.0000
2019-03-21,2.1200,2.1300,2.0200,2.0700,2.0700,426886,0.0000,1.0000
2019-03-20,2.2200,2.2200,2.0170,2.1100,2.1100,612514,0.0000,1.0000
2019-03-19,2.5000,2.5500,2.1400,2.2200,2.2200,1130750,0.0000,1.0000
2019-03-18,2.2500,4.3200,2.2500,2.4800,2.4800,5391987,0.0000,1.0000
2019-03-15,2.1100,2.1400,2.0200,2.1400,2.1400,214691,0.0000,1.0000
2019-03-14,2.2600,2.2600,2.0700,2.1200,2.1200,179008,0.0000,1.0000
2019-03-13,2.2000,2.2600,2.0600,2.1600,2.1600,369362,0.0000,1.0000
2019-03-12,2.1100,2.2200,2.0700,2.1800,2.1800,365723,0.0000,1.0000
2019-03-11,2.0000,2.1499,1.9900,2.0400,2.0400,265406,0.0000,1.0000
2019-03-08,1.9600,2.0800,1.8600,1.9900,1.9900,238811,0.0000,1.0000
2019-03-07,1.9500,2.0200,1.9200,1.9400,1.9400,176219,0.0000,1.0000
2019-03-06,1.9800,2.0460,1.9200,1.9700,1.9700,123246,0.0000,1.0000
2019-03-05,2.0300,2.0300,1.9300,1.9500,1.9500,102813,0.0000,1.0000
2019-03-04,2.1700,2.2000,1.9300,2.0100,2.0100,331926,0.0000,1.0000
2019-03-01,2.0900,2.2495,2.0100,2.0900,2.0900,468710,0.0000,1.0000
2019-02-28,1.9200,2.2900,1.9154,2.0800,2.0800,786251,0.0000,1.0000
2019-02-27,1.8000,1.9500,1.7700,1.9300,1.9300,224797,0.0000,1.0000
2019-02-26,1.8500,1.8500,1.7500,1.8100,1.8100,232571,0.0000,1.0000
2019-02-25,1.9300,1.9360,1.8350,1.8500,1.8500,337498,0.0000,1.0000
2019-02-22,2.1300,2.1300,1.7000,1.8400,1.8400,835483,0.0000,1.0000
2019-02-21,2.2000,2.2000,2.0800,2.0800,2.0800,230846,0.0000,1.0000
2019-02-20,2.1900,2.2300,2.1400,2.1600,2.1600,214825,0.0000,1.0000
2019-02-19,2.2500,2.2700,2.1700,2.2100,2.2100,102766,0.0000,1.0000
2019-02-15,2.2200,2.2613,2.2000,2.2300,2.2300,148471,0.0000,1.0000
2019-02-14,2.2400,2.2400,2.1800,2.2000,2.2000,60918,0.0000,1.0000
2019-02-13,2.2400,2.2400,2.1600,2.1900,2.1900,65508,0.0000,1.0000
2019-02-12,2.2500,2.2500,2.1300,2.2000,2.2000,236159,0.0000,1.0000
2019-02-11,2.2300,2.3199,2.1700,2.1900,2.1900,153654,0.0000,1.0000
2019-02-08,2.1900,2.2500,2.1900,2.2100,2.2100,91190,0.0000,1.0000
2019-02-07,2.2300,2.2900,2.1800,2.2200,2.2200,169857,0.0000,1.0000
2019-02-06,2.3500,2.3500,2.2000,2.2300,2.2300,109350,0.0000,1.0000
2019-02-05,2.3700,2.3800,2.2900,2.3100,2.3100,119063,0.0000,1.0000
2019-02-04,2.3300,2.3501,2.2700,2.3500,2.3500,86477,0.0000,1.0000
2019-02-01,2.3700,2.4000,2.2800,2.3500,2.3500,126298,0.0000,1.0000
2019-01-31,2.3100,2.3900,2.3000,2.3500,2.3500,112342,0.0000,1.0000
2019-01-30,2.2600,2.3500,2.2000,2.3100,2.3100,187521,0.0000,1.0000
2019-01-29,2.3900,2.4500,2.1600,2.2800,2.2800,247407,0.0000,1.0000
2019-01-28,2.3100,2.5300,2.3000,2.4100,2.4100,711623,0.0000,1.0000
2019-01-25,2.2300,2.3100,2.1700,2.3000,2.3000,170263,0.0000,1.0000
2019-01-24,2.2000,2.2300,2.1500,2.2000,2.2000,134348,0.0000,1.0000
2019-01-23,2.2400,2.2800,2.1600,2.1900,2.1900,220400,0.0000,1.0000
2019-01-22,2.2900,2.4200,2.1700,2.2200,2.2200,306598,0.0000,1.0000
2019-01-18,2.2300,2.3276,2.1200,2.2900,2.2900,329934,0.0000,1.0000
2019-01-17,2.2400,2.2600,2.2000,2.2200,2.2200,108676,0.0000,1.0000
2019-01-16,2.1900,2.5271,2.1900,2.2400,2.2400,486070,0.0000,1.0000
2019-01-15,2.1700,2.2668,2.1300,2.1900,2.1900,135020,0.0000,1.0000
2019-01-14,2.3000,2.3700,2.1200,2.1800,2.1800,391925,0.0000,1.0000
2019-01-11,2.3100,2.3100,2.1500,2.2700,2.2700,351402,0.0000,1.0000
2019-01-10,2.3800,2.4000,2.2900,2.2900,2.2900,181262,0.0000,1.0000
2019-01-09,2.4200,2.4200,2.3500,2.3800,2.3800,138554,0.0000,1.0000
2019-01-08,2.5200,2.5400,2.3500,2.4200,2.4200,188258,0.0000,1.0000
2019-01-07,2.5500,2.6000,2.4400,2.5100,2.5100,435481,0.0000,1.0000
2019-01-04,2.4200,2.5997,2.4200,2.5300,2.5300,582283,0.0000,1.0000
2019-01-03,2.3100,2.4800,2.2700,2.3900,2.3900,99075,0.0000,1.0000
2019-01-02,2.2700,2.3600,2.2212,2.3400,2.3400,144180,0.0000,1.0000
2018-12-31,2.4700,2.4950,2.2500,2.3100,2.3100,207589,0.0000,1.0000
2018-12-28,2.5500,2.6258,2.4000,2.4500,2.4500,172842,0.0000,1.0000
2018-12-27,2.4400,2.7300,2.3701,2.5400,2.5400,325223,0.0000,1.0000
2018-12-26,2.2500,2.4000,2.2000,2.4000,2.4000,334317,0.0000,1.0000
2018-12-24,2.2100,2.3000,2.1200,2.2200,2.2200,166435,0.0000,1.0000
2018-12-21,2.3600,2.3600,2.1511,2.2600,2.2600,377339,0.0000,1.0000
2018-12-20,2.3700,2.4200,2.1200,2.3200,2.3200,450717,0.0000,1.0000
2018-12-19,2.2800,2.4289,2.2800,2.3600,2.3600,266306,0.0000,1.0000
2018-12-18,2.3600,2.4320,2.2600,2.2950,2.2950,311825,0.0000,1.0000
2018-12-17,2.8900,2.8900,2.2300,2.3500,2.3500,859514,0.0000,1.0000
2018-12-14,2.6500,3.1834,2.5600,2.8300,2.8300,2165576,0.0000,1.0000
2018-12-13,2.6500,2.8400,2.5100,2.6100,2.6100,722373,0.0000,1.0000
2018-12-12,2.8100,2.8200,2.6100,2.6300,2.6300,451244,0.0000,1.0000
2018-12-11,2.9800,3.1800,2.6100,2.8600,2.8600,1667739,0.0000,1.0000
2018-12-10,2.2400,3.3200,2.2135,3.1000,3.1000,4620246,0.0000,1.0000
2018-12-07,2.3800,2.4602,2.2000,2.2400,2.2400,313948,0.0000,1.0000
2018-12-06,2.3100,2.5400,2.3000,2.3800,2.3800,404028,0.0000,1.0000
2018-12-04,2.5400,2.7200,2.2100,2.4100,2.4100,1319699,0.0000,1.0000
2018-12-03,2.6400,2.7000,2.4100,2.4400,2.4400,431487,0.0000,1.0000
2018-11-30,2.6900,2.7200,2.5200,2.6000,2.6000,119594,0.0000,1.0000
2018-11-29,2.7500,2.7500,2.5100,2.5400,2.5400,142430,0.0000,1.0000
2018-11-28,2.5500,2.7400,2.4501,2.6600,2.6600,232094,0.0000,1.0000
2018-11-27,2.7100,2.8100,2.4600,2.5500,2.5500,222049,0.0000,1.0000
2018-11-26,2.9000,2.9450,2.5000,2.7300,2.7300,287576,0.0000,1.0000
2018-11-23,2.8500,3.1100,2.7900,2.8400,2.8400,180796,0.0000,1.0000
2018-11-21,2.7700,3.0000,2.6000,2.7500,2.7500,285964,0.0000,1.0000
2018-11-20,2.4200,2.8975,2.4000,2.7700,2.7700,246811,0.0000,1.0000
2018-11-19,2.8500,2.8500,2.3500,2.4900,2.4900,389112,0.0000,1.0000
2018-11-16,2.9600,3.0000,2.6500,2.8300,2.8300,325722,0.0000,1.0000
2018-11-15,2.8800,3.0299,2.8500,2.9600,2.9600,187915,0.0000,1.0000
2018-11-14,3.4600,3.5900,2.8000,2.9300,2.9300,451902,0.0000,1.0000
2018-11-13,3.5500,3.5899,3.3700,3.4200,3.4200,127583,0.0000,1.0000
2018-11-12,3.7900,3.9499,3.4000,3.4900,3.4900,351287,0.0000,1.0000
2018-11-09,3.9500,4.0000,3.7600,3.8400,3.8400,89981,0.0000,1.0000
2018-11-08,4.0100,4.0100,3.6700,4.0000,4.0000,196288,0.0000,1.0000
2018-11-07,4.1100,4.1100,3.9000,4.0000,4.0000,178268,0.0000,1.0000
2018-11-06,4.0600,4.2000,4.0200,4.0600,4.0600,138690,0.0000,1.0000
2018-11-05,4.1600,4.2000,4.0200,4.0600,4.0600,138489,0.0000,1.0000
2018-11-02,4.2300,4.2800,4.0100,4.1800,4.1800,156126,0.0000,1.0000
2018-11-01,4.2500,4.3700,4.1500,4.2000,4.2000,323760,0.0000,1.0000
2018-10-31,4.2800,4.4400,4.1200,4.2100,4.2100,154783,0.0000,1.0000
2018-10-30,3.9300,4.3250,3.8200,4.2400,4.2400,315243,0.0000,1.0000
2018-10-29,4.5800,4.6771,3.7700,3.9600,3.9600,653936,0.0000,1.0000
2018-10-26,4.7600,4.8499,4.2750,4.4500,4.4500,303150,0.0000,1.0000
2018-10-25,4.5400,4.5974,4.2900,4.4200,4.4200,191101,0.0000,1.0000
2018-10-24,4.4500,4.7500,4.4099,4.5000,4.5000,324369,0.0000,1.0000
2018-10-23,4.6400,4.7540,4.1773,4.4600,4.4600,596919,0.0000,1.0000
2018-10-22,5.0500,5.2042,4.6500,4.7100,4.7100,270279,0.0000,1.0000
2018-10-19,5.1400,5.2900,4.9200,5.0300,5.0300,241484,0.0000,1.0000
2018-10-18,5.2900,5.3900,5.0200,5.1500,5.1500,164725,0.0000,1.0000
2018-10-17,5.3300,5.3669,5.0800,5.2800,5.2800,245163,0.0000,1.0000
2018-10-16,5.4000,5.4950,5.1500,5.3500,5.3500,223072,0.0000,1.0000
2018-10-15,5.0800,5.5500,4.8852,5.4000,5.4000,444680,0.0000,1.0000
2018-10-12,5.3400,5.3800,4.8000,5.0700,5.0700,617255,0.0000,1.0000
2018-10-11,5.3000,5.5000,5.2215,5.2300,5.2300,212549,0.0000,1.0000
2018-10-10,5.5100,5.5464,5.2700,5.4500,5.4500,249780,0.0000,1.0000
2018-10-09,5.4000,5.7622,5.3100,5.4700,5.4700,349518,0.0000,1.0000
2018-10-08,5.3600,5.6257,5.2100,5.3800,5.3800,257200,0.0000,1.0000
2018-10-05,5.9600,6.0609,5.3000,5.3000,5.3000,508789,0.0000,1.0000
2018-10-04,6.4400,6.5000,5.8000,5.9400,5.9400,648396,0.0000,1.0000
2018-10-03,6.6100,6.6600,6.2300,6.4500,6.4500,258566,0.0000,1.0000
2018-10-02,6.5000,6.7360,6.0800,6.3900,6.3900,706165,0.0000,1.0000
2018-10-01,6.9500,7.1000,6.5200,6.6600,6.6600,566320,0.0000,1.0000
2018-09-28,7.1100,7.1100,6.5000,6.8300,6.8300,532216,0.0000,1.0000
2018-09-27,6.8800,7.2900,6.5200,7.1100,7.1100,418543,0.0000,1.0000
2018-09-26,7.5300,7.9500,6.8200,7.1000,7.1000,789030,0.0000,1.0000
2018-09-25,8.0200,8.7800,7.2700,7.4400,7.4400,1630888,0.0000,1.0000
2018-09-24,6.9100,7.9600,6.7200,7.9600,7.9600,1375962,0.0000,1.0000
2018-09-21,6.8300,7.1450,6.6000,6.9400,6.9400,1262370,0.0000,1.0000
2018-09-20,6.7600,7.0900,6.4000,6.8300,6.8300,575018,0.0000,1.0000
2018-09-19,6.2900,6.9699,6.2900,6.7400,6.7400,737745,0.0000,1.0000
2018-09-18,6.1500,6.3963,6.0000,6.2900,6.2900,363945,0.0000,1.0000
2018-09-17,5.7300,6.3355,5.7001,6.1800,6.1800,540502,0.0000,1.0000
2018-09-14,6.0600,6.1000,5.3200,5.7400,5.7400,536326,0.0000,1.0000
2018-09-13,6.1300,6.2000,5.9500,6.1100,6.1100,400396,0.0000,1.0000
2018-09-12,6.3400,6.3951,6.0100,6.1400,6.1400,411395,0.0000,1.0000
2018-09-11,6.3200,6.5000,6.0479,6.3900,6.3900,367668,0.0000,1.0000
2018-09-10,6.0600,6.6200,5.9100,6.2700,6.2700,671786,0.0000,1.0000
2018-09-07,6.3200,6.3900,5.8000,6.0200,6.0200,803917,0.0000,1.0000
2018-09-06,8.3800,8.3989,6.4000,6.5200,6.5200,1367275,0.0000,1.0000
2018-09-05,8.9300,9.6780,7.5400,7.6800,7.6800,3144300,0.0000,1.0000
2018-09-04,7.2000,8.9800,6.5800,8.9600,8.9600,5772500,0.0000,1.0000
2018-08-31,5.2500,7.3200,5.2500,7.1200,7.1200,4159300,0.0000,1.0000
2018-08-30,5.1100,5.2500,5.0400,5.2300,5.2300,296354,0.0000,1.0000
2018-08-29,5.1900,5.2499,5.0100,5.1300,5.1300,199717,0.0000,1.0000
2018-08-28,4.9300,5.1100,4.8100,5.0700,5.0700,193346,0.0000,1.0000
2018-08-27,5.0200,5.0874,4.8800,4.9300,4.9300,168828,0.0000,1.0000
2018-08-24,4.8700,5.1502,4.8500,5.0400,5.0400,178805,0.0000,1.0000
2018-08-23,5.2600,5.4000,4.7600,5.0500,5.0500,656209,0.0000,1.0000
2018-08-22,5.0400,5.1800,4.9900,5.0700,5.0700,197464,0.0000,1.0000
2018-08-21,5.1000,5.1899,5.0200,5.0800,5.0800,201982,0.0000,1.0000
2018-08-20,5.1700,5.2900,4.9300,5.0900,5.0900,304249,0.0000,1.0000
2018-08-17,5.3600,5.5990,4.9610,5.0800,5.0800,437184,0.0000,1.0000
2018-08-16,5.0500,5.3800,4.7500,5.3600,5.3600,714961,0.0000,1.0000
2018-08-15,4.8700,5.1700,4.7000,5.0400,5.0400,474437,0.0000,1.0000
2018-08-14,4.9000,5.1900,4.5550,4.9500,4.9500,496281,0.0000,1.0000
2018-08-13,5.3000,5.6380,4.5200,4.6700,4.6700,668999,0.0000,1.0000
2018-08-10,5.9800,6.0000,5.2000,5.4300,5.4300,847458,0.0000,1.0000
2018-08-09,5.4900,6.3800,5.1000,6.0500,6.0500,1366495,0.0000,1.0000
2018-08-08,4.5000,5.9200,4.3800,5.6200,5.6200,1321729,0.0000,1.0000
2018-08-07,4.4500,4.5900,4.2001,4.5400,4.5400,363831,0.0000,1.0000
2018-08-06,4.8500,4.8900,4.3000,4.4600,4.4600,348720,0.0000,1.0000
2018-08-03,4.9000,5.0459,4.6200,4.8400,4.8400,274001,0.0000,1.0000
2018-08-02,5.1800,5.3300,4.5700,4.9000,4.9000,634884,0.0000,1.0000
2018-08-01,5.1800,5.5500,5.1100,5.2100,5.2100,367688,0.0000,1.0000
2018-07-31,5.7500,5.7887,5.1700,5.2200,5.2200,670985,0.0000,1.0000
2018-07-30,6.7600,6.9500,5.4000,5.4800,5.4800,951981,0.0000,1.0000
2018-07-27,7.1600,7.5000,6.7200,6.8100,6.8100,767254,0.0000,1.0000
2018-07-26,7.1600,7.6500,7.1000,7.2000,7.2000,820544,0.0000,1.0000
2018-07-25,6.6600,7.7300,6.5600,7.4800,7.4800,2746815,0.0000,1.0000
2018-07-24,5.4300,7.1658,5.4201,6.6400,6.6400,1995711,0.0000,1.0000
2018-07-23,6.2400,6.2400,5.1200,5.3300,5.3300,1744440,0.0000,1.0000
2018-07-20,6.5900,6.6000,6.0600,6.1800,6.1800,436318,0.0000,1.0000
2018-07-19,6.5900,7.5000,6.3460,6.5600,6.5600,1122043,0.0000,1.0000
2018-07-18,7.3900,7.5000,6.5000,6.5600,6.5600,1036732,0.0000,1.0000
2018-07-17,9.2000,9.2300,7.1200,7.4200,7.4200,1940394,0.0000,1.0000
2018-07-16,16.8600,17.2500,7.6500,8.0800,8.0800,2810903,0.0000,1.0000
2018-07-13,23.2000,24.8400,22.7200,23.7000,23.7000,102767,0.0000,1.0000
2018-07-12,24.3600,24.6025,23.0100,23.6800,23.6800,84505,0.0000,1.0000
2018-07-11,23.2800,25.9800,22.0000,24.1800,24.1800,234294,0.0000,1.0000
2018-07-10,21.9000,24.2100,21.0300,23.5400,23.5400,137704,0.0000,1.0000
2018-07-09,20.0300,23.4900,20.0300,23.2200,23.2200,214607,0.0000,1.0000
2018-07-06,22.5000,23.3390,20.4101,20.4300,20.4300,182528,0.0000,1.0000
2018-07-05,25.7500,25.7500,20.2200,22.7100,22.7100,373947,0.0000,1.0000
2018-07-03,27.1800,29.0900,25.4100,25.8400,25.8400,270243,0.0000,1.0000
2018-07-02,24.2800,27.3333,23.4634,26.6700,26.6700,548459,0.0000,1.0000
2018-06-29,22.4600,25.3400,21.8000,23.5700,23.5700,502918,0.0000,1.0000
2018-06-28,20.9600,22.7600,20.6460,21.6700,21.6700,344017,0.0000,1.0000
2018-06-27,20.2100,22.7000,17.8001,20.8700,20.8700,467914,0.0000,1.0000
2018-06-26,18.7600,23.3900,17.0001,20.9100,20.9100,862314,0.0000,1.0000
2018-06-25,14.5000,19.0000,13.8900,18.7600,18.7600,618600,0.0000,1.0000
2018-06-22,11.1400,13.5000,10.9100,13.4500,13.4500,2107269,0.0000,1.0000
2018-06-21,10.5000,11.2200,10.0973,11.0600,11.0600,116223,0.0000,1.0000
2018-06-20,10.0500,10.4590,9.1500,10.0800,10.0800,136912,0.0000,1.0000
2018-06-19,10.5500,10.5690,10.0250,10.0400,10.0400,99913,0.0000,1.0000
2018-06-18,10.3500,10.8900,10.3300,10.5500,10.5500,100383,0.0000,1.0000
2018-06-15,10.2000,10.5700,10.2000,10.3600,10.3600,46828,0.0000,1.0000
2018-06-14,10.3000,10.7800,10.0300,10.3000,10.3000,101007,0.0000,1.0000
2018-06-13,11.3000,11.7500,10.0300,10.3000,10.3000,302396,0.0000,1.0000
2018-06-12,10.1900,10.5000,10.1100,10.3100,10.3100,109822,0.0000,1.0000
2018-06-11,11.7900,11.8400,10.0300,10.2900,10.2900,188779,0.0000,1.0000
2018-06-08,11.2400,12.9027,11.1479,11.8500,11.8500,174565,0.0000,1.0000
2018-06-07,12.4600,12.5000,11.2200,11.3200,11.3200,217035,0.0000,1.0000
2018-06-06,12.9700,13.3327,12.2100,12.4400,12.4400,200376,0.0000,1.0000
2018-06-05,13.0400,13.8800,12.7101,12.7600,12.7600,87673,0.0000,1.0000
2018-06-04,13.2800,13.3150,12.6600,13.0700,13.0700,33987,0.0000,1.0000
2018-06-01,13.1500,13.4800,12.3200,13.2000,13.2000,120550,0.0000,1.0000
2018-05-31,13.2200,14.1000,13.0100,13.1400,13.1400,106556,0.0000,1.0000
2018-05-30,12.7000,13.8600,12.5600,13.1300,13.1300,98467,0.0000,1.0000
2018-05-29,13.2700,13.5000,12.0900,12.5500,12.5500,138136,0.0000,1.0000
2018-05-25,14.0600,14.4800,13.1500,13.3800,13.3800,99579,0.0000,1.0000
2018-05-24,13.3900,14.4500,13.3229,14.1100,14.1100,85271,0.0000,1.0000
2018-05-23,14.4500,15.1500,13.3200,13.4300,13.4300,155874,0.0000,1.0000
2018-05-22,14.5600,15.4500,14.5300,14.5600,14.5600,70296,0.0000,1.0000
2018-05-21,15.0100,15.5400,14.5300,14.8200,14.8200,80794,0.0000,1.0000
2018-05-18,15.2000,16.0000,14.8000,14.8300,14.8300,107629,0.0000,1.0000
2018-05-17,15.7200,16.7700,14.9400,15.2100,15.2100,216144,0.0000,1.0000
2018-05-16,14.4900,16.0000,14.0962,15.8100,15.8100,206182,0.0000,1.0000
2018-05-15,15.6000,15.7948,14.3400,14.7900,14.7900,254148,0.0000,1.0000
2018-05-14,16.7900,17.4400,15.2400,15.4000,15.4000,162172,0.0000,1.0000
2018-05-11,16.1600,16.9800,15.5000,16.7600,16.7600,120162,0.0000,1.0000
2018-05-10,15.7500,16.5000,15.0900,16.1300,16.1300,191805,0.0000,1.0000
2018-05-09,16.7000,17.0000,15.4700,15.6900,15.6900,341865,0.0000,1.0000
2018-05-08,18.0000,18.2500,16.6100,17.0100,17.0100,210696,0.0000,1.0000
2018-05-07,17.7000,18.8100,16.5700,18.7400,18.7400,187878,0.0000,1.0000
2018-05-04,18.5800,19.3400,17.4100,17.9600,17.9600,147564,0.0000,1.0000
2018-05-03,19.5500,21.9400,18.6000,18.8100,18.8100,170060,0.0000,1.0000
2018-05-02,17.5000,20.6900,17.0200,19.7000,19.7000,212400,0.0000,1.0000
2018-05-01,16.7200,18.0250,16.3200,17.4800,17.4800,162132,0.0000,1.0000
2018-04-30,16.8300,17.5927,15.2700,17.4400,17.4400,176677,0.0000,1.0000
2018-04-27,18.7900,18.8001,16.8400,16.9200,16.9200,128426,0.0000,1.0000
2018-04-26,19.5300,20.4999,18.0641,18.5000,18.5000,174897,0.0000,1.0000
2018-04-25,18.8900,20.1200,17.8000,19.8200,19.8200,181890,0.0000,1.0000
2018-04-24,17.8500,20.0000,17.7901,19.4800,19.4800,248008,0.0000,1.0000
2018-04-23,20.6000,20.6000,17.5200,17.6400,17.6400,233946,0.0000,1.0000
2018-04-20,20.7000,21.9590,19.7000,20.6600,20.6600,167502,0.0000,1.0000
2018-04-19,24.0400,24.0450,20.7002,20.8900,20.8900,302899,0.0000,1.0000
2018-04-18,29.0800,29.1900,24.7700,25.0000,25.0000,423149,0.0000,1.0000
2018-04-17,28.0900,31.8310,27.1586,30.0500,30.0500,273999,0.0000,1.0000
2018-04-16,28.8000,29.4500,25.3100,27.8200,27.8200,210643,0.0000,1.0000
2018-04-13,28.6300,29.4999,26.7300,28.5400,28.5400,115284,0.0000,1.0000
2018-04-12,24.7000,28.8200,24.7000,27.9600,27.9600,194349,0.0000,1.0000
2018-04-11,26.9000,27.5000,23.0410,24.6100,24.6100,303557,0.0000,1.0000
2018-04-10,28.9000,30.4034,27.0000,27.4000,27.4000,154061,0.0000,1.0000
2018-04-09,26.8700,31.8000,25.0900,28.5000,28.5000,459050,0.0000,1.0000
2018-04-06,33.5300,33.7814,27.5000,27.6800,27.6800,278500,0.0000,1.0000
2018-04-05,38.9900,42.5399,30.0000,34.2600,34.2600,697564,0.0000,1.0000
2018-04-04,45.1700,45.9900,34.2250,35.1600,35.1600,606251,0.0000,1.0000
2018-04-03,32.7500,50.5000,32.7500,46.0000,46.0000,1153715,0.0000,1.0000
2018-04-02,26.5600,32.8900,25.1765,32.5000,32.5000,325009,0.0000,1.0000
2018-03-29,25.0800,27.6512,23.3700,27.3800,27.3800,169937,0.0000,1.0000
2018-03-28,29.0800,30.6890,21.6400,24.3500,24.3500,290425,0.0000,1.0000
2018-03-27,27.9500,32.9900,27.7000,28.9000,28.9000,815908,0.0000,1.0000
2018-03-26,25.9200,30.0000,25.6500,27.6500,27.6500,480221,0.0000,1.0000
2018-03-23,21.2800,27.6000,21.1800,25.6500,25.6500,556863,0.0000,1.0000
2018-03-22,17.6900,23.9900,17.2917,21.3400,21.3400,392813,0.0000,1.0000
2018-03-21,18.3400,18.4762,17.0000,18.0600,18.0600,134930,0.0000,1.0000
2018-03-20,19.4000,19.5000,17.4500,18.2100,18.2100,154643,0.0000,1.0000
2018-03-19,16.0000,19.5000,16.0000,19.4800,19.4800,258221,0.0000,1.0000
2018-03-16,14.5000,15.9600,14.2000,15.9000,15.9000,175701,0.0000,1.0000
2018-03-15,17.4000,17.4900,14.1000,14.1000,14.1000,299353,0.0000,1.0000
2018-03-14,18.0000,19.7200,17.5050,17.7800,17.7800,196969,0.0000,1.0000
2018-03-13,19.5400,25.8000,16.1800,17.0000,17.0000,1106560,0.0000,1.0000
2018-03-12,15.5000,19.5000,14.5470,18.8234,18.8234,674225,0.0000,1.0000
2018-03-09,14.3000,15.6500,13.6700,14.9000,14.9000,436052,0.0000,1.0000
2018-03-08,14.1100,15.9999,13.0000,14.3000,14.3000,705863,0.0000,1.0000
2018-03-07,13.8100,14.1900,11.7500,13.0000,13.0000,905729,0.0000,1.0000
2018-03-06,15.7000,17.0300,13.3730,14.5000,14.5000,1228907,0.0000,1.0000
2018-03-05,10.7600,21.0000,9.6001,17.3000,17.3000,4413414,0.0000,1.0000
2018-03-02,6.2500,14.9300,6.1996,9.4800,9.4800,1554810,0.0000,1.0000
2018-03-01,5.3250,6.7400,5.2600,6.1500,6.1500,78754,0.0000,1.0000
2018-02-28,4.9500,5.4000,4.8899,5.2601,5.2601,28428,0.0000,1.0000
2018-02-27,4.9800,5.1499,4.8000,5.1499,5.1499,34766,0.0000,1.0000
2018-02-26,5.0400,5.2500,4.5470,4.7800,4.7800,40631,0.0000,1.0000
2018-02-23,5.0200,5.4000,4.8747,5.1900,5.1900,6480,0.0000,1.0000
2018-02-22,5.3065,5.3999,5.0000,5.0000,5.0000,17831,0.0000,1.0000
2018-02-21,5.5000,5.5000,5.0101,5.3000,5.3000,17553,0.0000,1.0000
2018-02-20,5.2000,5.4000,5.1280,5.2900,5.2900,22424,0.0000,1.0000
2018-02-16,4.6500,5.2400,4.3700,4.9900,4.9900,27946,0.0000,1.0000
2018-02-15,4.4900,5.4610,4.3000,4.5500,4.5500,69077,0.0000,1.0000
2018-02-14,3.8400,4.3300,3.6600,4.3300,4.3300,38048,0.0000,1.0000
2018-02-13,3.5500,3.7610,3.5200,3.6900,3.6900,13539,0.0000,1.0000
2018-02-12,3.5300,3.8700,3.5200,3.5300,3.5300,16122,0.0000,1.0000
2018-02-09,3.7900,3.9000,3.5200,3.5242,3.5242,38700,0.0000,1.0000
2018-02-08,4.2537,4.2600,3.4300,3.6610,3.6610,25294,0.0000,1.0000
2018-02-07,4.8000,4.9300,4.1650,4.2700,4.2700,28760,0.0000,1.0000
2018-02-06,4.5900,4.8000,3.9400,4.8000,4.8000,38055,0.0000,1.0000
2018-02-05,5.0000,5.0099,4.1100,4.4800,4.4800,39322,0.0000,1.0000
2018-02-02,5.2400,5.2400,4.5000,4.8800,4.8800,32410,0.0000,1.0000
2018-02-01,6.9600,6.9600,4.8100,5.1100,5.1100,31400,0.0000,0.1000
2018-01-31,0.5111,0.6100,0.5111,0.5800,5.8000,567291,0.0000,1.0000
2018-01-30,0.6100,0.7399,0.5712,0.6101,6.1010,2407372,0.0000,1.0000
2018-01-29,0.6000,0.6392,0.5781,0.5840,5.8400,527156,0.0000,1.0000
2018-01-26,0.5970,0.5970,0.5700,0.5762,5.7620,304803,0.0000,1.0000
2018-01-25,0.5813,0.6000,0.5700,0.5870,5.8700,84191,0.0000,1.0000
2018-01-24,0.5800,0.6000,0.5600,0.5813,5.8130,91323,0.0000,1.0000
2018-01-23,0.6015,0.6100,0.5700,0.5801,5.8010,120884,0.0000,1.0000
2018-01-22,0.6100,0.6206,0.6001,0.6099,6.0990,50272,0.0000,1.0000
2018-01-19,0.6100,0.6400,0.5904,0.6088,6.0880,231697,0.0000,1.0000
2018-01-18,0.6000,0.6398,0.5600,0.5900,5.9000,121207,0.0000,1.0000
2018-01-17,0.6000,0.6000,0.5500,0.5808,5.8080,139204,0.0000,1.0000
2018-01-16,0.6296,0.6296,0.5575,0.5575,5.5751,239904,0.0000,1.0000
2018-01-12,0.6000,0.6399,0.5505,0.5997,5.9970,285182,0.0000,1.0000
2018-01-11,0.5900,0.6099,0.5500,0.6000,6.0000,180612,0.0000,1.0000
2018-01-10,0.5460,0.5800,0.5200,0.5699,5.6990,339883,0.0000,1.0000
2018-01-09,0.5136,0.5300,0.5130,0.5200,5.2000,40147,0.0000,1.0000
2018-01-08,0.5500,0.5514,0.5130,0.5130,5.1300,145085,0.0000,1.0000
2018-01-05,0.5796,0.5850,0.5500,0.5518,5.5180,108958,0.0000,1.0000
2018-01-04,0.5900,0.5912,0.5500,0.5650,5.6501,334611,0.0000,1.0000
2018-01-03,0.5950,0.6028,0.5700,0.5998,5.9980,226001,0.0000,1.0000
2018-01-02,0.6500,0.6500,0.5800,0.5949,5.9490,209138,0.0000,1.0000
2017-12-29,0.6200,0.6855,0.6000,0.6100,6.1000,300970,0.0000,1.0000
2017-12-28,0.6136,0.7599,0.6114,0.6599,6.5990,948416,0.0000,1.0000
2017-12-27,0.5788,0.5948,0.5700,0.5898,5.8980,68099,0.0000,1.0000
2017-12-26,0.5859,0.5998,0.5811,0.5850,5.8501,88622,0.0000,1.0000
2017-12-22,0.6001,0.6100,0.5812,0.5990,5.9900,86062,0.0000,1.0000
2017-12-21,0.6150,0.6150,0.6000,0.6051,6.0510,70926,0.0000,1.0000
2017-12-20,0.6105,0.6275,0.6066,0.6067,6.0670,44810,0.0000,1.0000
2017-12-19,0.6350,0.6350,0.6104,0.6105,6.1051,98901,0.0000,1.0000
2017-12-18,0.6400,0.6400,0.6066,0.6150,6.1500,127102,0.0000,1.0000
2017-12-15,0.6400,0.6400,0.6000,0.6010,6.0100,94724,0.0000,1.0000
2017-12-14,0.6406,0.6406,0.6000,0.6010,6.0100,85134,0.0000,1.0000
2017-12-13,0.6880,0.6880,0.6000,0.6101,6.1010,110155,0.0000,1.0000
2017-12-12,0.6100,0.6405,0.6000,0.6130,6.1300,86829,0.0000,1.0000
2017-12-11,0.5900,0.6599,0.5555,0.6100,6.1000,298401,0.0000,1.0000
2017-12-08,0.5900,0.6191,0.5800,0.5900,5.9000,155014,0.0000,1.0000
2017-12-07,0.6257,0.6448,0.6000,0.6168,6.1680,200386,0.0000,1.0000
2017-12-06,0.6949,0.6949,0.6000,0.6320,6.3200,400734,0.0000,1.0000
2017-12-05,0.7600,0.7618,0.6506,0.6700,6.7000,421249,0.0000,1.0000
2017-12-04,0.6750,0.8500,0.6200,0.8000,8.0000,1736801,0.0000,1.0000
2017-12-01,0.6900,0.6900,0.6103,0.6600,6.6000,130764,0.0000,1.0000
2017-11-30,0.6600,0.6900,0.6501,0.6700,6.7000,172344,0.0000,1.0000
2017-11-29,0.6919,0.6956,0.6000,0.6400,6.4000,145696,0.0000,1.0000
2017-11-28,0.6890,0.7099,0.6600,0.6731,6.7310,104449,0.0000,1.0000
2017-11-27,0.6900,0.7200,0.6600,0.7100,7.1000,132454,0.0000,1.0000
2017-11-24,0.7099,0.7099,0.6500,0.6673,6.6730,53279,0.0000,1.0000
2017-11-22,0.6608,0.7100,0.6608,0.6890,6.8900,112152,0.0000,1.0000
2017-11-21,0.6700,0.6948,0.6302,0.6655,6.6550,57323,0.0000,1.0000
2017-11-20,0.6622,0.7094,0.6400,0.6598,6.5980,80600,0.0000,1.0000
2017-11-17,0.6200,0.7800,0.6100,0.6600,6.6000,266652,0.0000,1.0000
2017-11-16,0.6230,0.6600,0.6230,0.6459,6.4590,88414,0.0000,1.0000
2017-11-15,0.6400,0.6699,0.6020,0.6400,6.4000,69152,0.0000,1.0000
2017-11-14,0.6800,0.7114,0.6000,0.6301,6.3010,178229,0.0000,1.0000
2017-11-13,0.7500,0.7599,0.6700,0.6850,6.8500,214152,0.0000,1.0000
2017-11-10,0.8500,0.8500,0.6616,0.6938,6.9380,633343,0.0000,1.0000
2017-11-09,0.9600,1.0900,0.6720,0.6900,6.9000,1675837,0.0000,1.0000
2017-11-08,0.6718,1.0400,0.6400,1.0000,10.0000,2059437,0.0000,1.0000
2017-11-07,0.7000,0.7000,0.6300,0.6399,6.3990,123558,0.0000,1.0000
2017-11-06,0.6900,0.7001,0.6500,0.6798,6.7980,424030,0.0000,1.0000
2017-11-03,0.5799,0.6698,0.5710,0.6375,6.3750,314449,0.0000,1.0000
2017-11-02,0.5588,0.5871,0.5550,0.5699,5.6990,58382,0.0000,1.0000
2017-11-01,0.5509,0.5700,0.5450,0.5588,5.5880,122454,0.0000,1.0000
2017-10-31,0.6125,0.6125,0.5509,0.5675,5.6750,103270,0.0000,1.0000
2017-10-30,0.6000,0.6286,0.5802,0.5900,5.9000,35740,0.0000,1.0000
2017-10-27,0.6500,0.6500,0.5800,0.5948,5.9480,192230,0.0000,1.0000
2017-10-26,0.6600,0.6600,0.6140,0.6199,6.1990,85696,0.0000,1.0000
2017-10-25,0.6613,0.6613,0.6140,0.6296,6.2960,55358,0.0000,1.0000
2017-10-24,0.6457,0.6457,0.6200,0.6299,6.2990,97685,0.0000,1.0000
2017-10-23,0.6615,0.6615,0.6130,0.6150,6.1500,139979,0.0000,1.0000
2017-10-20,0.6046,0.6780,0.6001,0.6290,6.2900,334362,0.0000,1.0000
2017-10-19,0.6090,0.6198,0.6000,0.6046,6.0460,57189,0.0000,1.0000
2017-10-18,0.6090,0.6197,0.6010,0.6030,6.0300,31826,0.0000,1.0000
2017-10-17,0.6000,0.6420,0.6000,0.6198,6.1980,124521,0.0000,1.0000
2017-10-16,0.6662,0.6662,0.6102,0.6120,6.1200,161463,0.0000,1.0000
2017-10-13,0.7095,0.7199,0.6226,0.6345,6.3450,121773,0.0000,1.0000
2017-10-12,0.6721,0.7600,0.6302,0.6450,6.4500,725528,0.0000,1.0000
2017-10-11,0.6377,0.7300,0.6100,0.6401,6.4010,266650,0.0000,1.0000
2017-10-10,0.6000,0.6700,0.5990,0.6383,6.3830,224116,0.0000,1.0000
2017-10-09,0.6000,0.6260,0.5812,0.6000,6.0000,194999,0.0000,1.0000
2017-10-06,0.6698,0.6698,0.6001,0.6180,6.1800,205431,0.0000,1.0000
2017-10-05,0.6834,0.6834,0.6503,0.6592,6.5920,77518,0.0000,1.0000
2017-10-04,0.6962,0.6962,0.6502,0.6700,6.7000,158772,0.0000,1.0000
2017-10-03,0.7017,0.7100,0.6851,0.6863,6.8630,52374,0.0000,1.0000
2017-10-02,0.6851,0.7197,0.6851,0.6951,6.9510,107008,0.0000,1.0000
2017-09-29,0.7455,0.7455,0.6603,0.7000,7.0000,81503,0.0000,1.0000
2017-09-28,0.7000,0.7800,0.7000,0.7100,7.1000,186689,0.0000,1.0000
2017-09-27,0.6812,0.7100,0.6600,0.7000,7.0000,140104,0.0000,1.0000
2017-09-26,0.6932,0.7100,0.6850,0.7004,7.0040,61219,0.0000,1.0000
2017-09-25,0.6500,0.7300,0.6500,0.7048,7.0480,225903,0.0000,1.0000
2017-09-22,0.7236,0.7450,0.6942,0.7384,7.3840,61393,0.0000,1.0000
2017-09-21,0.7200,0.7499,0.6513,0.7222,7.2220,143537,0.0000,1.0000
2017-09-20,0.7600,0.7600,0.7200,0.7490,7.4900,124278,0.0000,1.0000
2017-09-19,0.8200,0.8560,0.7011,0.7797,7.7970,403902,0.0000,1.0000
2017-09-18,0.8000,0.8721,0.7700,0.8070,8.0700,358541,0.0000,1.0000
2017-09-15,0.7740,0.8099,0.7500,0.7890,7.8900,185084,0.0000,1.0000
2017-09-14,0.8110,0.8530,0.7511,0.8000,8.0000,205900,0.0000,1.0000
2017-09-13,0.8200,0.8980,0.8100,0.8300,8.3000,272455,0.0000,1.0000
2017-09-12,0.8492,0.8799,0.8273,0.8321,8.3210,146187,0.0000,1.0000
2017-09-11,0.8400,0.9300,0.7926,0.8492,8.4920,455427,0.0000,1.0000
2017-09-08,0.8730,0.8730,0.8391,0.8430,8.4300,149418,0.0000,1.0000
2017-09-07,0.8380,0.9500,0.8300,0.8725,8.7250,717297,0.0000,1.0000
2017-09-06,0.8790,0.9090,0.7678,0.8197,8.1970,640630,0.0000,1.0000
2017-09-05,0.7258,1.0800,0.7200,0.9200,9.2000,3478993,0.0000,1.0000
2017-09-01,0.7500,0.7790,0.6671,0.7200,7.2000,301654,0.0000,1.0000
2017-08-31,0.8610,0.9000,0.7500,0.7862,7.8620,453640,0.0000,1.0000
2017-08-30,0.8200,0.9888,0.8200,0.8210,8.2100,582452,0.0000,1.0000
2017-08-29,0.9500,0.9500,0.8103,0.8400,8.4000,585038,0.0000,1.0000
2017-08-28,0.9800,1.1500,0.8110,0.9500,9.5000,3027662,0.0000,1.0000
2017-08-25,0.6150,1.2500,0.6150,0.9927,9.9270,6173807,0.0000,1.0000
2017-08-24,0.6350,0.6585,0.6008,0.6350,6.3500,57932,0.0000,1.0000
2017-08-23,0.6700,0.6700,0.6200,0.6481,6.4810,86140,0.0000,1.0000
2017-08-22,0.6850,0.6850,0.6251,0.6500,6.5000,195652,0.0000,1.0000
2017-08-21,0.6615,0.7600,0.6000,0.7100,7.1000,237381,0.0000,1.0000
2017-08-18,0.5800,0.7100,0.5707,0.6300,6.3000,413785,0.0000,1.0000
2017-08-17,0.5700,0.6246,0.5700,0.5800,5.8000,64327,0.0000,1.0000
2017-08-16,0.6400,0.6500,0.5720,0.5720,5.7200,170847,0.0000,1.0000
2017-08-15,0.6300,0.8300,0.6100,0.6200,6.2000,1099844,0.0000,1.0000
2017-08-14,0.5700,0.5790,0.5101,0.5700,5.7000,117542,0.0000,1.0000
2017-08-11,0.5572,0.5793,0.5102,0.5300,5.3000,87771,0.0000,1.0000
2017-08-10,0.6100,0.6100,0.5500,0.5572,5.5720,181341,0.0000,1.0000
2017-08-09,0.5621,0.5990,0.5530,0.5800,5.8000,107683,0.0000,1.0000
2017-08-08,0.5710,0.6240,0.5600,0.5621,5.6210,201325,0.0000,1.0000
2017-08-07,0.6070,0.6070,0.5501,0.5900,5.9000,154349,0.0000,1.0000
2017-08-04,0.5700,0.6700,0.5500,0.6070,6.0700,502371,0.0000,1.0000
2017-08-03,0.5510,0.6000,0.5410,0.5700,5.7000,108398,0.0000,1.0000
2017-08-02,0.6346,0.6346,0.5305,0.5510,5.5100,237056,0.0000,1.0000
2017-08-01,0.6400,0.6400,0.6100,0.6247,6.2470,67498,0.0000,1.0000
2017-07-31,0.6350,0.6600,0.6010,0.6400,6.4000,175811,0.0000,1.0000
2017-07-28,0.6500,0.7800,0.6200,0.6350,6.3500,523668,0.0000,1.0000
2017-07-27,0.6500,0.6825,0.6311,0.6370,6.3700,112501,0.0000,1.0000
2017-07-26,0.7011,0.7293,0.6500,0.6500,6.5000,196791,0.0000,1.0000
2017-07-25,0.7450,0.7510,0.6500,0.6851,6.8510,160789,0.0000,1.0000
2017-07-24,0.7990,0.8300,0.7510,0.7525,7.5250,327195,0.0000,1.0000
2017-07-21,0.7600,0.8200,0.7500,0.7600,7.6000,358129,0.0000,1.0000
2017-07-20,0.7730,0.8700,0.7525,0.7602,7.6020,529266,0.0000,1.0000
2017-07-19,0.7470,0.9000,0.7210,0.7725,7.7250,366214,0.0000,1.0000
2017-07-18,0.8100,0.8119,0.7240,0.7700,7.7000,374596,0.0000,1.0000
2017-07-17,0.9620,1.0000,0.7601,0.8199,8.1990,853110,0.0000,1.0000
2017-07-14,1.0200,1.0200,0.9701,0.9831,9.8310,190704,0.0000,1.0000
2017-07-13,1.1000,1.1000,0.9600,1.0311,10.3110,446439,0.0000,1.0000
2017-07-12,1.1000,1.2390,1.0450,1.0900,10.9000,600461,0.0000,1.0000
2017-07-11,1.0400,1.1900,1.0300,1.1100,11.1000,542684,0.0000,1.0000
2017-07-10,1.2300,1.4700,1.0200,1.0394,10.3940,2117945,0.0000,1.0000
2017-07-07,1.0900,1.2500,1.0300,1.1700,11.7000,1134239,0.0000,1.0000
2017-07-06,1.4200,1.4900,1.2200,1.2500,12.5000,2049416,0.0000,1.0000
2017-07-05,1.6500,2.3500,1.5300,1.6800,16.8000,22381237,0.0000,1.0000
2017-07-03,0.6600,1.3700,0.6000,1.2700,12.7000,7814437,0.0000,1.0000
2017-06-30,0.5000,0.5000,0.4700,0.4880,4.8800,110524,0.0000,1.0000
2017-06-29,0.4999,0.5100,0.4630,0.5000,5.0000,260047,0.0000,1.0000
2017-06-28,0.5000,0.5000,0.4705,0.4850,4.8500,157501,0.0000,1.0000
2017-06-27,0.5172,0.5400,0.4900,0.4915,4.9150,264880,0.0000,1.0000
2017-06-26,0.5400,0.5400,0.4850,0.4926,4.9260,203176,0.0000,1.0000
2017-06-23,0.5500,0.5600,0.4815,0.5300,5.3000,232526,0.0000,1.0000
2017-06-22,0.4900,0.5600,0.4725,0.5400,5.4000,241059,0.0000,1.0000
2017-06-21,0.5000,0.5148,0.4710,0.4899,4.8990,86164,0.0000,1.0000
2017-06-20,0.5500,0.5500,0.4652,0.4820,4.8200,188019,0.0000,1.0000
2017-06-19,0.5300,0.6199,0.5200,0.5210,5.2100,551986,0.0000,1.0000
2017-06-16,0.4870,0.5210,0.4701,0.4900,4.9000,146391,0.0000,1.0000
2017-06-15,0.5100,0.5350,0.4500,0.5090,5.0900,100391,0.0000,1.0000
2017-06-14,0.5000,0.6900,0.5000,0.5391,5.3910,567993,0.0000,1.0000
2017-06-13,0.4900,0.5000,0.4500,0.4700,4.7000,44432,0.0000,1.0000
2017-06-12,0.5145,0.5145,0.4670,0.4850,4.8500,28912,0.0000,1.0000
2017-06-09,0.4950,0.5279,0.4700,0.4900,4.9000,88342,0.0000,1.0000
2017-06-08,0.5260,0.5500,0.4900,0.5000,5.0000,52082,0.0000,1.0000
2017-06-07,0.4760,0.6000,0.4701,0.5010,5.0100,439675,0.0000,1.0000
2017-06-06,0.5900,0.5900,0.4600,0.4900,4.9000,187053,0.0000,1.0000
2017-06-05,0.5200,0.5900,0.5000,0.5650,5.6500,161754,0.0000,1.0000
2017-06-02,0.5300,0.5500,0.4801,0.5145,5.1450,47608,0.0000,1.0000
2017-06-01,0.6100,0.6100,0.4900,0.5528,5.5280,119768,0.0000,1.0000
2017-05-31,0.4100,0.5700,0.4100,0.5699,5.6990,184818,0.0000,1.0000
2017-05-30,0.4650,0.4650,0.4032,0.4252,4.2520,127148,0.0000,1.0000
2017-05-26,0.5200,0.5600,0.4510,0.4803,4.8030,59304,0.0000,1.0000
2017-05-25,0.5284,0.5499,0.5100,0.5212,5.2120,99188,0.0000,1.0000
2017-05-24,0.5801,0.6100,0.5208,0.5592,5.5920,113324,0.0000,1.0000
2017-05-23,0.5800,0.6000,0.5800,0.5898,5.8980,101260,0.0000,1.0000
2017-05-22,0.6300,0.6600,0.5500,0.5850,5.8500,131725,0.0000,1.0000
2017-05-19,0.6300,0.6500,0.5500,0.6384,6.3840,342346,0.0000,1.0000
2017-05-18,0.6400,0.6591,0.6200,0.6200,6.2000,85144,0.0000,1.0000
2017-05-17,0.6502,0.6900,0.6029,0.6501,6.5010,135751,0.0000,1.0000
2017-05-16,0.7200,0.7200,0.6401,0.6683,6.6830,157298,0.0000,1.0000
2017-05-15,0.7267,0.7267,0.6700,0.7200,7.2000,145226,0.0000,1.0000
2017-05-12,0.6802,0.7150,0.6301,0.6925,6.9250,211745,0.0000,1.0000
2017-05-11,0.7005,0.7455,0.6313,0.6802,6.8020,163448,0.0000,1.0000
2017-05-10,0.7500,0.7500,0.7000,0.7300,7.3000,91036,0.0000,1.0000
2017-05-09,0.7500,0.7700,0.7020,0.7500,7.5000,116836,0.0000,1.0000
2017-05-08,0.7200,0.7229,0.6900,0.7100,7.1000,129361,0.0000,1.0000
2017-05-05,0.7350,0.7556,0.6800,0.6925,6.9250,162170,0.0000,1.0000
2017-05-04,0.7700,0.8085,0.7101,0.7701,7.7010,492543,0.0000,1.0000
2017-05-03,0.8295,0.9800,0.7500,0.8000,8.0000,486449,0.0000,1.0000
2017-05-02,0.8300,0.8998,0.7600,0.7900,7.9000,193517,0.0000,1.0000
2017-05-01,1.0300,1.1500,0.7800,0.8276,8.2764,1173471,0.0000,1.0000
2017-04-28,0.6500,1.2400,0.6500,1.0100,10.1000,3306665,0.0000,1.0000
2017-04-27,0.7489,0.7489,0.6506,0.6600,6.6000,73773,0.0000,1.0000
2017-04-26,0.6447,0.8292,0.6059,0.7600,7.6000,172761,0.0000,1.0000
2017-04-25,0.7100,0.7402,0.6301,0.6725,6.7250,157062,0.0000,1.0000
2017-04-24,0.7650,0.7980,0.7400,0.7400,7.4000,54401,0.0000,1.0000
2017-04-21,0.7460,0.8300,0.7400,0.7627,7.6270,86292,0.0000,1.0000
2017-04-20,0.8300,0.8300,0.7500,0.7598,7.5980,74518,0.0000,1.0000
2017-04-19,0.9000,0.9500,0.7812,0.7901,7.9010,314896,0.0000,1.0000
2017-04-18,1.0100,1.0500,0.9600,0.9600,9.6000,142833,0.0000,1.0000
2017-04-17,1.1000,1.1070,1.0300,1.0362,10.3620,108573,0.0000,1.0000
2017-04-13,1.0900,1.1500,1.0700,1.1000,11.0000,108200,0.0000,1.0000
2017-04-12,1.1200,1.3300,1.0400,1.1200,11.2000,896037,0.0000,1.0000
2017-04-11,1.1500,1.1535,1.1000,1.1200,11.2000,67206,0.0000,1.0000
2017-04-10,1.1600,1.1700,1.1000,1.1600,11.6000,129185,0.0000,1.0000
2017-04-07,1.1500,1.1900,1.1000,1.1500,11.5000,128485,0.0000,1.0000
2017-04-06,1.2200,1.2600,1.1100,1.1700,11.7000,268677,0.0000,1.0000
2017-04-05,1.3500,1.6700,1.1200,1.1601,11.6010,1597089,0.0000,1.0000
2017-04-04,1.1200,1.3000,1.1000,1.1000,11.0000,114240,0.0000,1.0000
2017-04-03,1.1900,1.2102,1.1200,1.1200,11.2000,49169,0.0000,1.0000
2017-03-31,1.3400,1.3400,1.1800,1.2000,12.0000,67793,0.0000,1.0000
2017-03-30,1.3000,1.3000,1.2200,1.2800,12.8000,113138,0.0000,1.0000
2017-03-29,1.1500,1.3100,1.1500,1.2700,12.7000,94176,0.0000,1.0000
2017-03-28,1.1900,1.2000,1.1500,1.1700,11.7000,56867,0.0000,1.0000
2017-03-27,1.1200,1.2400,1.1200,1.1700,11.7000,159780,0.0000,1.0000
2017-03-24,1.3200,1.3200,1.2900,1.3000,13.0000,19857,0.0000,1.0000
2017-03-23,1.3880,1.3880,1.3100,1.3100,13.1000,12814,0.0000,1.0000
2017-03-22,1.4100,1.4100,1.3100,1.3300,13.3000,15509,0.0000,1.0000
2017-03-21,1.3300,1.4000,1.3100,1.3500,13.5000,48943,0.0000,1.0000
2017-03-20,1.3155,1.3300,1.2900,1.3201,13.2010,24071,0.0000,1.0000
2017-03-17,1.3800,1.3800,1.2900,1.2900,12.9000,53429,0.0000,1.0000
2017-03-16,1.3300,1.4100,1.3000,1.3100,13.1000,30351,0.0000,1.0000
2017-03-15,1.3800,1.4300,1.3300,1.3300,13.3000,41223,0.0000,1.0000
2017-03-14,1.3670,1.4600,1.3400,1.3750,13.7500,14247,0.0000,1.0000
2017-03-13,1.4200,1.4200,1.3210,1.4100,14.1000,69644,0.0000,1.0000
2017-03-10,1.3900,1.3900,1.3500,1.3500,13.5000,24523,0.0000,1.0000
2017-03-09,1.3900,1.4300,1.3708,1.3900,13.9000,23586,0.0000,1.0000
2017-03-08,1.3501,1.4300,1.3300,1.3800,13.8000,39008,0.0000,1.0000
2017-03-07,1.4600,1.4600,1.3000,1.3800,13.8000,40023,0.0000,1.0000
2017-03-06,1.3000,1.4300,1.3000,1.4300,14.3000,38640,0.0000,1.0000
2017-03-03,1.3700,1.4323,1.3000,1.3000,13.0000,45598,0.0000,1.0000
2017-03-02,1.4900,1.5000,1.3500,1.3700,13.7000,75945,0.0000,1.0000
2017-03-01,1.4500,1.5000,1.4100,1.4600,14.6000,66848,0.0000,1.0000
2017-02-28,1.4400,1.5400,1.4200,1.4500,14.5000,79972,0.0000,1.0000
2017-02-27,1.4700,1.4700,1.4200,1.4400,14.4000,58254,0.0000,1.0000
2017-02-24,1.4500,1.5028,1.4200,1.4500,14.5000,47214,0.0000,1.0000
2017-02-23,1.5200,1.5559,1.4600,1.4700,14.7000,38562,0.0000,1.0000
2017-02-22,1.6200,1.6400,1.5100,1.5300,15.3000,129903,0.0000,1.0000
2017-02-21,1.7300,1.7300,1.6000,1.6400,16.4000,72731,0.0000,1.0000
2017-02-17,1.7129,1.7700,1.6700,1.7100,17.1000,31514,0.0000,1.0000
2017-02-16,1.7800,1.7800,1.7000,1.7100,17.1000,40310,0.0000,1.0000
2017-02-15,1.7200,1.8202,1.7000,1.7400,17.4000,62863,0.0000,1.0000
2017-02-14,1.6800,1.8200,1.6500,1.7200,17.2000,153347,0.0000,1.0000
2017-02-13,1.6900,1.7700,1.6601,1.7000,17.0000,36911,0.0000,1.0000
2017-02-10,1.8000,1.8800,1.6908,1.7500,17.5000,105074,0.0000,1.0000
2017-02-09,1.7270,1.8500,1.6500,1.8000,18.0000,143685,0.0000,1.0000
2017-02-08,1.6800,1.7500,1.6500,1.6900,16.9000,54175,0.0000,1.0000
2017-02-07,1.6500,1.7800,1.6000,1.6700,16.7000,87382,0.0000,1.0000
2017-02-06,1.7300,1.7499,1.6300,1.6700,16.7000,47019,0.0000,1.0000
2017-02-03,1.9500,1.9500,1.6500,1.7126,17.1260,67851,0.0000,1.0000
2017-02-02,1.7400,1.9700,1.6039,1.9100,19.1000,222811,0.0000,1.0000
2017-02-01,1.6000,1.7500,1.5000,1.7300,17.3000,171993,0.0000,1.0000
2017-01-31,1.6700,1.7599,1.5800,1.6100,16.1000,71489,0.0000,1.0000
2017-01-30,1.9600,2.0000,1.6500,1.6700,16.7000,105152,0.0000,1.0000
2017-01-27,2.3400,2.3982,1.8610,1.9000,19.0000,556113,0.0000,1.0000
2017-01-26,1.7000,2.9500,1.7000,2.1600,21.6000,2723226,0.0000,1.0000
2017-01-25,1.5286,1.6599,1.5041,1.5900,15.9000,60173,0.0000,1.0000
2017-01-24,1.4176,1.7200,1.3800,1.5200,15.2000,273967,0.0000,1.0000
2017-01-23,1.4200,1.5394,1.3500,1.4500,14.5000,72799,0.0000,1.0000
2017-01-20,1.4200,1.6658,1.4000,1.4400,14.4000,209491,0.0000,1.0000
2017-01-19,1.3600,1.5500,1.3600,1.4100,14.1000,201853,0.0000,1.0000
2017-01-18,1.3300,1.3799,1.3274,1.3499,13.4990,16161,0.0000,1.0000
2017-01-17,1.3700,1.4002,1.2500,1.3200,13.2000,70396,0.0000,1.0000
2017-01-13,1.4000,1.4820,1.3800,1.3899,13.8990,49241,0.0000,1.0000
2017-01-12,1.3000,1.6099,1.3000,1.3775,13.7750,387973,0.0000,1.0000
2017-01-11,1.4100,1.4164,1.3200,1.3200,13.2000,93513,0.0000,1.0000
2017-01-10,1.4800,1.5690,1.3200,1.3900,13.9000,67397,0.0000,1.0000
2017-01-09,1.6100,1.6101,1.3800,1.4200,14.2000,139395,0.0000,1.0000
2017-01-06,1.7800,1.8500,1.5500,1.6100,16.1000,101170,0.0000,1.0000
2017-01-05,1.8000,1.8200,1.6000,1.7100,17.1000,93812,0.0000,1.0000
2017-01-04,1.7300,1.8500,1.6100,1.6300,16.3000,95285,0.0000,1.0000
2017-01-03,1.8200,1.8200,1.5100,1.7500,17.5000,118596,0.0000,1.0000
2016-12-30,1.7800,1.8500,1.6300,1.7500,17.5000,72260,0.0000,1.0000
2016-12-29,2.1200,2.1358,1.6617,1.7085,17.0850,228603,0.0000,1.0000
2016-12-28,1.2600,3.5100,1.1500,2.1533,21.5330,1235561,0.0000,1.0000
2016-12-27,1.3977,1.4000,1.1500,1.2200,12.2000,132797,0.0000,1.0000
2016-12-23,1.4600,1.4700,1.3400,1.4000,14.0000,51753,0.0000,1.0000
2016-12-22,1.5300,1.5370,1.4610,1.4800,14.8000,15212,0.0000,1.0000
2016-12-21,1.6200,1.6200,1.4600,1.4600,14.6000,19212,0.0000,1.0000
2016-12-20,1.4100,1.6400,1.3200,1.6200,16.2000,41209,0.0000,1.0000
2016-12-19,1.5991,1.6100,1.4000,1.4100,14.1000,45146,0.0000,1.0000
2016-12-16,1.6000,1.6900,1.4600,1.5900,15.9000,47225,0.0000,1.0000
2016-12-15,1.7000,1.8100,1.5100,1.6100,16.1000,134294,0.0000,1.0000
2016-12-14,1.6100,1.7700,1.3700,1.7000,17.0000,140780,0.0000,1.0000
2016-12-13,1.7028,1.7028,1.6000,1.6400,16.4000,11560,0.0000,1.0000
2016-12-12,1.5142,1.6935,1.5000,1.6300,16.3000,13472,0.0000,1.0000
2016-12-09,1.5200,1.5299,1.5000,1.5200,15.2000,34121,0.0000,1.0000
2016-12-08,1.5900,1.6175,1.5200,1.5375,15.3750,11239,0.0000,1.0000
2016-12-07,1.6900,1.7200,1.5010,1.6000,16.0000,59421,0.0000,1.0000
2016-12-06,1.6300,1.7000,1.6000,1.6500,16.5000,74136,0.0000,1.0000
2016-12-05,1.7100,1.7100,1.5300,1.5900,15.9000,19788,0.0000,1.0000
2016-12-02,1.4573,1.7300,1.3800,1.6700,16.7000,62457,0.0000,1.0000
2016-12-01,1.4600,1.4900,1.3700,1.4201,14.2010,18548,0.0000,1.0000
2016-11-30,1.7000,2.0500,1.4600,1.4600,14.6000,94966,0.0000,1.0000
2016-11-29,1.4500,1.7000,1.3500,1.6800,16.8000,70877,0.0000,1.0000
2016-11-28,1.3900,1.5000,1.3600,1.4000,14.0000,38203,0.0000,1.0000
2016-11-25,1.4633,1.4633,1.3316,1.4000,14.0000,12433,0.0000,1.0000
2016-11-23,1.4800,1.6000,1.2500,1.4244,14.2440,82452,0.0000,1.0000
2016-11-22,1.2500,1.3853,1.2500,1.3301,13.3010,4649,0.0000,1.0000
2016-11-21,1.4200,1.5700,1.2200,1.2550,12.5500,26579,0.0000,1.0000
2016-11-18,1.5800,1.6500,1.4000,1.4974,14.9740,57209,0.0000,1.0000
2016-11-17,1.4100,1.6000,1.3451,1.6000,16.0000,28883,0.0000,1.0000
2016-11-16,1.6000,1.6000,1.3300,1.4100,14.1000,50002,0.0000,1.0000
2016-11-15,1.0736,1.4990,1.0000,1.4950,14.9500,101471,0.0000,1.0000
2016-11-14,1.0400,1.0566,1.0400,1.0510,10.5100,3630,0.0000,1.0000
2016-11-11,1.0400,1.0460,1.0200,1.0400,10.4000,6233,0.0000,1.0000
2016-11-10,1.0132,1.0600,0.9500,1.0600,10.6000,4063,0.0000,1.0000
2016-11-09,1.0900,1.1000,1.0800,1.1000,11.0000,3042,0.0000,1.0000
2016-11-08,1.1473,1.1473,1.1000,1.1200,11.2000,10063,0.0000,1.0000
2016-11-07,1.1500,1.1500,1.0990,1.1500,11.5000,8709,0.0000,1.0000
2016-11-04,1.2155,1.2900,1.0200,1.1500,11.5000,15187,0.0000,1.0000
2016-11-03,1.2500,1.3500,1.2100,1.3500,13.5000,21466,0.0000,1.0000
2016-11-02,1.3155,1.3500,1.3000,1.3000,13.0000,21498,0.0000,1.0000
2016-11-01,1.3400,1.3400,1.3035,1.3035,13.0350,534,0.0000,1.0000
2016-10-31,1.3499,1.3500,1.3399,1.3399,13.3990,3357,0.0000,1.0000
2016-10-28,1.2813,1.3299,1.2800,1.3299,13.2990,7200,0.0000,1.0000
2016-10-27,1.3273,1.3500,1.2800,1.3500,13.5000,11751,0.0000,1.0000
2016-10-26,1.2900,1.3829,1.2100,1.3829,13.8290,10875,0.0000,1.0000
2016-10-25,1.2830,1.3725,1.2800,1.3311,13.3110,16913,0.0000,1.0000
2016-10-24,1.3100,1.3100,1.2700,1.2700,12.7000,20714,0.0000,1.0000
2016-10-21,1.3100,1.3200,1.2800,1.3200,13.2000,2152,0.0000,1.0000
2016-10-20,1.4000,1.4000,1.4000,1.4000,14.0000,300,0.0000,1.0000
2016-10-19,1.3300,1.3900,1.2700,1.3900,13.9000,21585,0.0000,1.0000
2016-10-18,1.4000,1.4300,1.3100,1.4300,14.3000,1284,0.0000,1.0000
2016-10-17,1.4000,1.4350,1.2500,1.4000,14.0000,22464,0.0000,1.0000
2016-10-14,1.4500,1.4500,1.3800,1.4500,14.5000,19109,0.0000,1.0000
2016-10-13,1.5600,1.5600,1.4000,1.4500,14.5000,24650,0.0000,1.0000
2016-10-12,1.5000,1.5000,1.3900,1.4900,14.9000,14420,0.0000,1.0000
2016-10-11,1.4589,1.4900,1.4387,1.4900,14.9000,9151,0.0000,1.0000
2016-10-10,1.6000,1.6000,1.4500,1.5000,15.0000,27299,0.0000,1.0000
2016-10-07,1.5300,1.5703,1.5300,1.5700,15.7000,13970,0.0000,1.0000
2016-10-06,1.5500,1.6000,1.5101,1.5900,15.9000,42752,0.0000,1.0000
2016-10-05,1.5700,1.6200,1.5335,1.6000,16.0000,16411,0.0000,1.0000
2016-10-04,1.6700,1.7500,1.6000,1.6300,16.3000,36868,0.0000,1.0000
2016-10-03,1.6900,1.6900,1.6500,1.6900,16.9000,4982,0.0000,1.0000
2016-09-30,1.6300,1.6800,1.3823,1.6700,16.7000,31057,0.0000,1.0000
2016-09-29,1.6000,1.6900,1.5401,1.6400,16.4000,28975,0.0000,1.0000
2016-09-28,1.6700,1.6700,1.5700,1.6200,16.2000,14561,0.0000,1.0000
2016-09-27,1.7300,1.7301,1.4700,1.6100,16.1000,75383,0.0000,1.0000
2016-09-26,1.8100,1.8100,1.7300,1.7800,17.8000,36654,0.0000,1.0000
2016-09-23,2.0000,2.0000,1.6800,1.8300,18.3000,18813,0.0000,1.0000
2016-09-22,1.8900,1.9400,1.8100,1.9400,19.4000,12739,0.0000,1.0000
2016-09-21,1.8700,1.9900,1.8100,1.8100,18.1000,43673,0.0000,1.0000
2016-09-20,2.0000,2.0000,1.6300,1.7900,17.9000,71573,0.0000,1.0000
2016-09-19,1.9189,2.1000,1.8000,1.9900,19.9000,34065,0.0000,1.0000
2016-09-16,2.3500,2.3800,2.0000,2.0000,20.0000,31968,0.0000,1.0000
2016-09-15,2.3000,2.4000,2.2100,2.3100,23.1000,23248,0.0000,1.0000
2016-09-14,2.3300,2.4000,2.2800,2.3000,23.0000,9612,0.0000,1.0000
2016-09-13,2.4000,2.4000,2.1800,2.3500,23.5000,8278,0.0000,1.0000
2016-09-12,2.4500,2.4500,2.3000,2.4000,24.0000,13298,0.0000,1.0000
2016-09-09,2.5000,2.5000,2.3900,2.4000,24.0000,17877,0.0000,1.0000
2016-09-08,2.6200,2.6200,2.4020,2.5000,25.0000,8696,0.0000,1.0000
2016-09-07,2.5700,2.6100,2.5700,2.6100,26.1000,7996,0.0000,1.0000
2016-09-06,2.6200,2.6200,2.4800,2.6200,26.2000,8705,0.0000,1.0000
2016-09-02,2.5100,2.6000,2.5100,2.5800,25.8000,4017,0.0000,1.0000
2016-09-01,2.4750,2.6000,2.4750,2.5900,25.9000,11057,0.0000,1.0000
2016-08-31,2.5800,2.6000,2.4500,2.6000,26.0000,15444,0.0000,1.0000
2016-08-30,2.5100,2.6000,2.3200,2.5100,25.1000,13302,0.0000,1.0000
2016-08-29,2.6600,2.6600,2.4400,2.6100,26.1000,26719,0.0000,1.0000
2016-08-26,2.7501,2.7600,2.6200,2.6801,26.8010,20210,0.0000,1.0000
2016-08-25,2.6005,2.7700,2.6005,2.7700,27.7000,6522,0.0000,1.0000
2016-08-24,2.6900,2.7987,2.6100,2.7900,27.9000,12398,0.0000,1.0000
2016-08-23,2.7546,2.8000,2.6700,2.8000,28.0000,40695,0.0000,1.0000
2016-08-22,2.6900,2.7699,2.5000,2.6500,26.5000,47900,0.0000,1.0000
2016-08-19,2.5599,2.7800,2.5599,2.7700,27.7000,26545,0.0000,1.0000
2016-08-18,2.6300,2.8390,2.5000,2.5500,25.5000,47895,0.0000,1.0000
2016-08-17,3.0392,3.0392,2.7000,2.7000,27.0000,45198,0.0000,1.0000
2016-08-16,3.0500,3.0512,2.9000,2.9500,29.5000,17855,0.0000,1.0000
2016-08-15,3.1000,3.2500,2.9800,3.1000,31.0000,41184,0.0000,1.0000
2016-08-12,3.2400,3.2400,2.9500,3.0800,30.8000,95726,0.0000,1.0000
2016-08-11,3.3000,3.3000,2.9301,3.1200,31.2000,30449,0.0000,1.0000
2016-08-10,3.2000,3.3000,2.9800,3.3000,33.0000,79710,0.0000,1.0000
2016-08-09,3.1100,3.3500,2.9600,3.1000,31.0000,123174,0.0000,1.0000
2016-08-08,2.8100,3.3000,2.8100,3.1100,31.1000,17846,0.0000,1.0000
2016-08-05,3.1300,3.1300,2.8000,3.1200,31.2000,85763,0.0000,1.0000
2016-08-04,3.0400,3.1000,2.6800,3.0000,30.0000,147347,0.0000,1.0000
2016-08-03,3.3200,3.3200,2.6600,3.0000,30.0000,41166,0.0000,1.0000
2016-08-02,3.2500,3.2500,3.1500,3.1500,31.5000,9631,0.0000,1.0000
2016-08-01,3.2900,3.3000,3.2500,3.3000,33.0000,1376,0.0000,1.0000
2016-07-29,3.2500,3.3376,3.2100,3.3000,33.0000,12214,0.0000,1.0000
2016-07-28,3.4500,3.4500,3.2600,3.4000,34.0000,82975,0.0000,1.0000
2016-07-27,3.4600,3.4600,3.3096,3.4200,34.2000,22454,0.0000,1.0000
2016-07-26,3.4500,3.5000,3.3199,3.3500,33.5000,72144,0.0000,1.0000
2016-07-25,3.6500,3.6500,3.3820,3.3900,33.9000,67972,0.0000,1.0000
2016-07-22,3.4900,3.4900,3.3100,3.4150,34.1500,14538,0.0000,1.0000
2016-07-21,3.4900,3.4900,3.3500,3.3900,33.9000,45891,0.0000,1.0000
2016-07-20,3.3700,3.5300,3.3700,3.4700,34.7000,22312,0.0000,1.0000
2016-07-19,3.5300,3.5300,3.4001,3.5000,35.0000,32946,0.0000,1.0000
2016-07-18,3.6000,3.6000,3.4695,3.5000,35.0000,44275,0.0000,1.0000
2016-07-15,3.6000,3.6000,3.4100,3.5000,35.0000,36424,0.0000,1.0000
2016-07-14,3.6500,3.6500,3.4370,3.5500,35.5000,35503,0.0000,1.0000
2016-07-13,3.6000,3.6000,3.3000,3.4900,34.9000,37579,0.0000,1.0000
2016-07-12,3.1300,3.6000,3.0100,3.3600,33.6000,90712,0.0000,1.0000
2016-07-11,3.7500,3.8000,3.0000,3.1700,31.7000,100505,0.0000,1.0000
2016-07-08,4.0000,4.1500,3.3100,3.6800,36.8000,608513,0.0000,1.0000
